S.No,Name,Age,Transaction ID,phone number,email ID,pincode
1,Anish,30,137370531,9700655144,anish_30@gmail.com,"maharastra,431701"
2,Bipin,26,137370547,7401535415,bipin_26@gmail.com,"karnataka,560062"
3,Chandra,25,137370521,8056051072,chandra_25@gmail.com,"andhra pradesh,515001"
4,Deva,22,137370532,9884727286,deva_22@gmail.com,"chennai,600118"
5,Meghanath,25,137370505,9392380973,meghanath_25@gmail.com,"kerala,382220"
6,Shashi,24,137370522,7842601923,shashi_24@gmail.com,"delhi,110017"
7,Aditi,23,137370501,8148916988,aditi_23@gmail.com,"uttar pradesh,221712"
8,Mallika,24,137370542,7299399392,mallika_24@gmail.com,"west bengal,743427"
9,Rishsav,25,137370553,9790954376,rishsav_25@gmail.com,"odisha,759016"
10,Preeti,23,137370548,9962361022,preeti_23@gmail.com,"rajasthan,305002"
11,Ganesh,28,137370562,9942394895,ganesh_28@gmail.com,"telangana,500010"
12,Indra,28,137370574,9551414146,indra_28@gmail.com,"chattisgarh,495001"
13,Jayakanth,27,137370528,9626696882,jayakanth_27@gmail.com,"haryana,134004"
14,Krishna,31,137370544,8124291412,krishna_31@gmail.com,"bihar,851216"
15,Lakshman,32,137370560,9042670928,lakshman_32@gmail.com,"ahmedabad,380001"
16,Nikhil,30,137370510,9840939939,nikhil_30@gmail.com,"madhya pradesh,481661"
17,Mahaveer,30,137370517,9176980878,mahaveer_30@gmail.com,"bagta,781102"
18,Vinay,29,137370520,9566420317,vinay_29@gmail.com,"punjab,140406"
19,Yashwanth,28,137370540,9962688252,yashwanth_28@gmail.com,"jammu,180001"
20,Zaid,24,137370555,9943123143,zaid_24@gmail.com,"dhanbad,826001"
